esriid,pctHHInc0,pctHHInc10,pctHHInc15,pctHHInc25,pctHHInc35,pctHHInc50,pctHHInc75,pctHHInc100,pctHHInc150,pctHHInc200,pctNumHHEarnings,pctNumHHPubAssist,pctNumHHFoodStmp,MedianHHInc,AvgHHInc,pctFamHHs,pctFamHHInc0,pctFamHHInc10,pctFamHHInc15,pctFamHHInc25,pctFamHHInc35,pctFamHHInc50,pctFamHHInc75,pctFamHHInc100,pctFamHHInc150,pctFamHHInc200,MedianFamInc,AvgFamInc,PCI,pctFullTimeWorkersMale,pctFullTimeWorkersFemale,MedianEarningsMale,MedianEarningsFemale,pctPoor,pctPoorUnder18,pctPoor18to64,pctPoorOver65,LaborForce,pctOwnKidsU6AllPrntsWk,pctOwnKidsO6AllPrntsWk,pctNotInsuredUnder65,pctNotInsuredUnder18
  ,pctHHInc0,pctHHInc10,pctHHInc15,pctHHInc25,pctHHInc35,pctHHInc50,pctHHInc75,pctHHInc100,pctHHInc150,pctHHInc200,pctNumHHEarnings ,pctNumHHPubAssist ,pctNumHHFoodStmp ,Median household income ,Mean household income ,pctFamHHs ,pctFamHHInc0,pctFamHHInc10,pctFamHHInc15,pctFamHHInc25,pctFamHHInc35,pctFamHHInc50,pctFamHHInc75,pctFamHHInc100,pctFamHHInc150,pctFamHHInc200,Median family income ,Mean family income ,Per-capita income ,pctFullTimeWorkersMale ,pctFullTimeWorkersFemale ,Median earnings for male full-time year-round workers ,Median earnings for female full-time year-round workers ,pctPoor ,pctPoorUnder18,pctPoor18to64,pctPoorOver65,In labor force ,pctOwnKidsU6AllPrntsWk,pctOwnKidsO6AllPrntsWk,pctNotInsuredUnder65,pctNotInsuredUnder18
10001,8.00,4.10,8.80,5.30,10.70,9.50,11.20,12.30,9.60,20.50,80.50,2.00,9.80,81445.00,151316.00,30.00,3.30,3.10,11.40,2.20,8.70,11.10,17.40,8.50,8.60,25.60,90456.00,174333.00,77512.00,61.30,38.70,98297.00,75766.00,19.00,51.20,13.90,19.70,14547.00,48.00,33.70,9.60,0.10
10002,15.70,11.20,15.70,9.20,9.90,13.80,6.90,9.20,2.90,5.40,67.70,5.60,30.60,32966.00,60564.00,53.60,9.70,11.20,16.50,12.50,13.00,15.30,7.60,7.70,2.30,4.20,35062.00,58384.00,26905.00,54.80,45.20,49462.00,40836.00,27.50,35.70,24.30,32.70,38947.00,68.20,68.80,13.40,3.00
10003,6.40,2.10,6.80,4.90,6.80,12.60,11.50,15.80,12.00,21.00,84.70,0.70,3.40,97524.00,156983.00,26.80,2.60,1.50,3.00,3.50,5.40,8.90,11.40,15.10,14.30,34.30,145411.00,235158.00,79088.00,53.60,46.40,103524.00,79587.00,10.20,6.50,10.60,9.80,37390.00,61.20,57.90,7.30,3.40
10004,2.10,1.30,3.90,4.60,4.50,6.30,13.00,22.20,10.30,31.80,90.00,0.00,0.00,123409.00,181042.00,33.60,2.60,0.00,0.00,3.00,0.80,0.00,0.00,19.40,10.40,63.80,242625.00,297990.00,98020.00,53.90,46.10,103365.00,108980.00,8.60,17.20,7.40,2.00,2273.00,83.90,88.00,8.60,3.20
10005,7.60,0.80,3.70,1.70,2.00,10.80,12.50,19.50,13.50,27.90,92.50,0.00,0.00,121840.00,175864.00,25.80,0.20,0.00,0.90,0.00,0.00,2.10,11.90,22.70,14.20,47.90,196776.00,294371.00,99633.00,51.50,48.50,109536.00,71419.00,10.30,1.50,11.20,0.00,6024.00,92.90,62.40,7.60,0.00
10006,6.60,4.50,0.90,1.10,4.60,10.40,10.00,25.00,7.90,28.70,96.10,1.60,0.00,121316.00,161202.00,27.00,3.10,0.00,0.00,0.00,0.00,4.40,3.10,34.40,8.30,46.70,177300.00,213649.00,97226.00,53.30,46.70,104659.00,92273.00,8.30,0.00,9.40,,2367.00,50.70,100.00,6.00,0.00
10007,2.70,0.60,0.60,0.90,3.60,8.70,4.80,6.10,15.50,56.40,94.90,0.00,1.10,250001.00,430777.00,51.40,2.10,0.00,1.20,1.70,2.70,3.70,1.80,2.40,10.00,74.40,250001.00,582466.00,173257.00,61.40,38.60,250001.00,153533.00,3.00,1.00,3.20,11.00,3924.00,55.30,76.90,3.10,0.00
10009,11.30,7.50,9.50,7.20,8.90,12.80,12.30,14.60,7.10,8.80,76.20,4.00,16.60,61154.00,86010.00,37.90,6.40,6.60,10.40,9.90,10.50,11.50,8.40,13.90,7.90,14.40,62253.00,104943.00,44714.00,51.80,48.20,65833.00,61738.00,20.80,30.80,18.80,23.80,37023.00,72.40,65.40,12.70,5.50
10010,7.70,4.10,5.10,4.20,5.60,12.60,10.20,16.20,9.40,24.90,80.90,2.30,5.30,100763.00,150684.00,28.60,2.90,2.10,1.70,1.60,5.60,8.20,9.50,14.50,13.70,40.10,162550.00,220565.00,81938.00,50.50,49.50,113595.00,88867.00,13.50,8.60,14.30,11.80,20062.00,65.80,81.00,6.10,0.40
10011,4.40,3.30,6.20,5.40,7.80,10.50,8.40,17.00,10.80,26.20,84.50,1.30,4.50,104974.00,193307.00,28.60,2.00,1.10,4.20,3.00,7.10,7.90,7.10,11.40,14.40,42.00,169389.00,304041.00,111064.00,57.00,43.00,107875.00,90874.00,8.80,9.80,8.90,7.90,36785.00,71.90,77.40,6.80,3.40
10012,7.10,2.30,5.30,6.30,8.00,11.70,10.70,15.90,12.40,20.40,86.20,0.80,5.00,95577.00,141594.00,26.70,4.10,1.80,2.80,5.50,4.80,9.50,6.60,13.70,15.70,35.50,153155.00,209948.00,77712.00,57.70,42.30,96898.00,70353.00,10.30,5.90,10.10,14.40,16986.00,39.40,65.50,7.30,1.20
10013,9.70,4.70,9.60,4.50,5.90,9.80,6.00,13.80,7.60,28.40,82.50,1.70,12.90,97228.00,220757.00,49.50,6.20,3.50,10.00,4.00,6.50,7.30,4.20,14.00,5.00,39.30,122472.00,283860.00,96781.00,54.60,45.40,104294.00,77289.00,13.50,13.20,10.80,26.60,15092.00,56.30,52.40,7.20,4.60
10014,3.70,2.80,4.40,4.30,6.00,13.80,12.00,14.00,10.20,28.70,86.80,0.70,2.90,109557.00,175237.00,25.70,1.40,1.20,1.90,2.30,2.30,11.00,6.40,11.80,14.30,47.50,184965.00,274457.00,107342.00,53.00,47.00,122386.00,89094.00,6.70,3.60,7.00,6.40,23208.00,59.40,62.70,5.40,1.30
10016,6.40,3.40,4.80,4.10,7.60,11.10,10.60,19.30,10.70,22.00,82.70,1.00,4.20,103960.00,152088.00,27.40,2.00,3.10,3.10,3.30,4.70,6.10,4.40,21.00,11.50,40.80,160700.00,238619.00,87576.00,50.00,50.00,103154.00,84049.00,10.70,6.30,10.70,13.80,34254.00,70.30,65.50,6.20,1.00
10017,5.80,1.40,6.20,2.90,6.10,13.70,13.30,17.90,8.90,23.80,85.90,0.60,1.70,102165.00,161962.00,26.40,3.70,1.90,0.40,1.00,2.90,5.50,6.50,19.70,12.10,46.20,183750.00,250868.00,104324.00,49.30,50.70,103617.00,73207.00,7.20,8.20,7.40,5.80,12353.00,81.00,47.40,4.90,5.50
10018,6.60,4.20,5.20,5.70,5.50,11.40,11.20,16.10,12.90,21.30,89.40,1.60,5.50,100298.00,141782.00,23.00,3.90,1.50,5.50,10.20,4.00,12.70,8.70,9.90,11.20,32.60,112969.00,175192.00,76632.00,58.80,41.20,91625.00,82371.00,15.30,21.60,14.70,16.00,5890.00,58.70,68.40,10.20,0.00
10019,6.90,5.20,6.20,6.20,7.30,12.50,10.60,15.40,9.30,20.40,81.80,1.80,7.60,90174.00,137685.00,25.90,4.40,3.50,4.40,3.90,8.40,7.20,9.10,13.40,9.30,36.40,129315.00,205116.00,86447.00,54.60,45.40,103559.00,80721.00,11.80,8.10,10.80,18.80,26749.00,50.50,74.70,9.00,1.70
10020,,,,,,,,,,,,,,,,,,,,,,,,,,,,,,,,,,,,,,0.00,,,,
10021,5.40,3.50,3.80,4.40,8.20,11.70,9.10,13.70,10.10,30.10,82.40,1.10,2.20,109398.00,204533.00,38.00,2.20,0.60,1.70,1.70,3.00,5.70,6.50,11.50,14.70,52.40,215357.00,331252.00,115478.00,48.30,51.70,104224.00,81812.00,7.70,5.80,8.30,7.10,25369.00,34.80,47.00,5.10,2.70
10022,4.60,1.80,5.90,3.40,6.60,10.70,10.20,17.10,8.80,31.00,78.10,1.10,1.60,115604.00,221140.00,33.90,1.70,0.20,2.00,0.30,4.30,6.40,3.70,14.40,8.80,58.00,240000.00,381352.00,132596.00,51.10,48.90,130785.00,87314.00,5.10,1.20,5.70,4.90,19305.00,56.20,63.20,4.60,0.00
10023,6.50,3.10,5.60,4.10,6.50,9.40,10.00,16.00,11.30,27.60,80.00,1.40,2.80,111265.00,185157.00,38.40,3.00,0.70,3.50,2.90,1.90,6.00,6.60,18.30,10.30,47.00,187288.00,284709.00,99916.00,57.80,42.20,122766.00,92385.00,8.10,3.90,8.50,10.00,37012.00,51.50,64.40,5.70,1.20
10024,5.90,3.60,4.90,4.80,7.60,11.30,8.50,14.90,10.20,28.30,83.20,1.10,4.70,109784.00,195208.00,44.90,2.20,1.60,2.90,2.50,4.70,6.00,6.90,14.60,14.10,44.50,174393.00,291530.00,97669.00,51.70,48.30,106859.00,81819.00,7.20,3.10,7.70,9.10,35692.00,67.10,58.70,7.80,2.30
10025,10.60,5.10,8.10,7.50,8.30,11.80,9.70,13.80,8.20,16.80,77.10,2.30,10.90,71865.00,120674.00,43.60,6.10,3.20,6.20,6.90,7.60,6.70,7.70,15.10,11.00,29.50,116002.00,175239.00,56151.00,50.80,49.20,96066.00,71199.00,17.00,14.20,17.90,15.80,54166.00,58.50,70.90,9.60,2.10
10026,14.50,7.30,10.20,9.10,11.30,15.60,7.30,11.40,6.30,7.00,77.20,4.30,18.70,47318.00,76406.00,52.90,10.80,6.60,9.50,10.20,12.40,13.60,7.50,13.10,5.80,10.50,51133.00,88835.00,30904.00,46.50,53.50,54273.00,46268.00,28.70,35.20,26.50,31.40,18580.00,47.50,65.70,12.10,2.00
10027,19.70,6.30,10.70,8.80,11.70,12.80,9.20,9.30,4.70,6.70,70.60,5.20,15.40,40013.00,70220.00,51.20,15.20,5.20,9.30,9.10,13.90,12.80,9.20,10.70,5.30,9.30,47383.00,82930.00,27977.00,51.50,48.50,51069.00,43005.00,30.20,41.00,28.40,21.90,28463.00,61.30,63.50,12.10,3.80
10028,3.00,3.30,6.70,3.70,3.90,11.40,11.20,17.80,9.90,29.20,85.50,1.00,2.40,115485.00,203702.00,42.00,1.30,0.20,3.30,1.90,2.20,4.90,6.00,17.10,9.30,53.90,207409.00,338446.00,111660.00,51.20,48.80,121908.00,81036.00,5.40,4.00,6.10,4.10,30367.00,60.90,55.90,7.60,5.90
10029,18.00,11.10,14.00,11.00,12.10,13.10,6.10,7.30,2.80,4.50,68.80,8.20,31.50,31446.00,60941.00,55.70,13.50,6.90,14.50,14.30,14.50,14.20,6.70,7.60,2.60,5.20,35715.00,68592.00,25577.00,52.50,47.50,41695.00,38795.00,30.10,41.90,26.20,30.40,35989.00,64.70,62.50,17.40,7.10
10030,20.20,9.20,12.80,11.90,11.10,16.30,4.90,7.00,3.20,3.50,72.00,6.80,31.50,32561.00,52572.00,47.00,15.30,5.90,12.10,12.40,14.10,20.70,4.60,7.10,3.50,4.30,38402.00,59422.00,23064.00,44.50,55.50,41495.00,43048.00,30.90,31.70,29.40,40.40,15129.00,85.40,80.00,20.40,8.40
10031,15.80,8.10,11.50,11.70,13.90,14.80,9.70,8.70,2.70,3.10,78.50,4.60,32.90,38338.00,56188.00,51.50,10.90,7.20,12.50,14.60,15.80,15.90,5.80,10.00,3.60,3.60,39400.00,61424.00,22954.00,53.60,46.40,36329.00,40334.00,27.60,37.00,24.60,32.00,32326.00,61.20,68.20,20.20,7.80
10032,14.20,9.30,13.30,12.20,13.50,16.90,10.10,7.00,1.80,1.70,74.60,5.40,38.40,35979.00,49670.00,53.50,8.60,7.00,15.40,12.50,18.60,17.00,10.30,7.60,1.70,1.40,39805.00,52276.00,19137.00,57.40,42.60,32142.00,36502.00,28.40,37.40,26.40,26.70,31036.00,63.70,70.50,20.60,3.10
10033,11.10,7.90,12.90,10.90,10.80,16.30,10.50,10.80,3.90,4.90,80.30,3.50,33.40,44595.00,65125.00,61.00,6.00,7.90,14.50,11.90,11.00,19.50,9.60,9.60,4.40,5.70,48197.00,68712.00,23976.00,61.10,38.90,36606.00,38014.00,24.10,32.00,21.80,25.80,34486.00,61.90,73.30,17.40,2.90
10034,10.50,7.30,14.20,11.70,12.40,15.40,13.50,9.50,3.90,1.70,81.20,3.90,35.20,42522.00,58725.00,59.30,8.40,6.80,17.60,11.60,14.40,14.10,12.00,8.80,4.60,1.90,40852.00,59249.00,22776.00,58.50,41.50,34561.00,38947.00,25.90,35.80,22.40,31.60,24333.00,70.70,77.70,19.50,6.10
10035,23.40,12.10,11.90,9.70,12.70,12.00,6.90,5.50,3.40,2.60,62.70,7.10,27.70,26764.00,46813.00,49.80,16.20,7.60,12.90,11.50,14.40,15.00,6.80,7.60,5.60,2.30,36300.00,53948.00,19691.00,53.90,46.10,37524.00,45154.00,38.90,45.60,35.90,45.50,14600.00,52.00,59.30,18.10,2.70
10036,8.00,6.50,7.40,9.70,9.00,11.40,8.90,15.80,6.90,16.50,81.50,1.90,10.80,70625.00,113730.00,20.60,3.10,0.30,4.00,8.90,8.90,11.80,11.80,15.90,9.80,25.50,103778.00,161019.00,72435.00,61.00,39.00,100313.00,69102.00,12.00,9.90,11.30,19.30,18166.00,81.60,79.10,12.50,12.00
10037,12.10,10.90,15.00,10.70,13.20,18.20,11.60,4.70,1.80,1.70,68.40,3.40,24.90,37000.00,48731.00,39.20,12.20,6.30,13.10,17.10,14.60,14.00,11.70,4.60,2.70,3.80,37021.00,55526.00,25736.00,44.40,55.60,50698.00,48440.00,27.90,54.20,21.80,20.40,8567.00,58.00,52.70,11.30,0.40
10038,11.30,7.00,9.60,5.40,7.10,10.10,11.50,12.70,8.10,17.30,76.90,4.00,14.20,73988.00,121805.00,43.40,5.60,6.40,10.80,5.70,8.80,10.30,12.00,14.90,8.80,16.70,79210.00,121417.00,59309.00,57.50,42.50,94358.00,65345.00,19.90,27.00,16.80,30.20,12206.00,81.80,73.30,9.50,3.60
10039,17.00,9.40,12.70,13.30,14.20,16.10,8.90,4.50,1.70,2.20,71.60,9.70,36.10,33132.00,46959.00,53.50,11.30,7.40,16.70,14.10,16.60,17.70,7.50,4.00,2.30,2.20,35345.00,48705.00,20185.00,48.10,51.90,39697.00,42306.00,30.20,40.40,27.60,21.80,12606.00,64.50,76.10,14.40,2.60
10040,11.00,5.30,12.60,10.40,13.50,18.50,12.70,10.00,2.50,3.60,82.70,2.90,33.90,46944.00,62395.00,56.90,6.30,3.90,15.50,11.40,15.10,18.30,11.70,10.30,2.90,4.60,48158.00,66878.00,24468.00,52.50,47.50,37019.00,38679.00,19.90,29.00,17.20,22.90,25559.00,72.10,75.10,16.10,4.10
10044,9.50,2.60,3.20,4.90,5.60,16.10,10.60,23.00,8.00,16.40,86.00,1.90,12.20,95259.00,112172.00,51.40,3.90,0.20,3.50,0.70,6.90,14.50,12.20,27.00,13.50,17.70,117917.00,134678.00,46709.00,48.90,51.10,99821.00,61140.00,11.30,2.50,12.80,13.60,6270.00,60.10,70.20,8.80,1.40
10065,5.30,0.80,5.70,4.90,6.00,12.60,10.30,15.10,9.20,30.10,81.50,0.80,1.50,110163.00,202954.00,38.80,0.40,0.00,1.10,2.70,2.50,6.50,6.00,17.20,11.70,52.00,208172.00,342864.00,113444.00,47.10,52.90,116458.00,79666.00,5.80,0.20,6.90,6.10,20029.00,65.30,67.10,4.30,2.10
10069,5.90,0.90,4.30,2.60,3.10,0.90,5.50,14.40,20.20,42.20,91.00,0.90,1.80,172926.00,231506.00,50.30,1.10,0.00,0.00,0.00,0.00,0.00,0.00,19.00,15.40,64.50,237060.00,307765.00,118923.00,51.30,48.70,175665.00,92917.00,5.50,0.00,6.30,10.80,3834.00,61.60,73.20,3.70,0.00
10075,5.50,1.70,5.20,4.20,5.80,12.90,12.70,14.30,7.20,30.40,83.80,0.60,3.80,104583.00,200745.00,41.30,1.80,0.20,3.90,0.90,2.20,9.10,10.20,13.60,10.00,48.00,185182.00,303302.00,113485.00,43.40,56.60,130701.00,82069.00,9.00,11.50,7.20,13.70,15505.00,56.80,58.60,4.80,0.70
10103,,,,,,,,,,,,,,,,,,,,,,,,,,,,,,,,,,,,,,0.00,,,,
10110,,,,,,,,,,,,,,,,,,,,,,,,,,,,,,0.00,100.00,,,0.00,,0.00,,1.00,,,0.00,
10111,,,,,,,,,,,,,,,,,,,,,,,,,,,,,,,,,,,,,,0.00,,,,
10112,,,,,,,,,,,,,,,,,,,,,,,,,,,,,,,,,,,,,,0.00,,,,
10115,,,,,,,,,,,,,,,,,,,,,,,,,,,,,,,,,,,,,,0.00,,,,
10119,,,,,,,,,,,,,,,,,,,,,,,,,,,,,,,,,,,,,,0.00,,,,
10128,5.60,1.90,5.90,5.20,7.60,12.00,11.50,17.20,8.10,25.10,81.80,0.70,6.20,100649.00,176612.00,43.10,3.10,0.90,3.60,3.30,5.50,5.30,7.60,16.90,9.40,44.60,167098.00,279250.00,91988.00,48.20,51.80,106307.00,75833.00,7.70,5.50,7.30,11.90,38867.00,67.50,62.50,5.60,1.80
10152,,,,,,,,,,,,,,,,,,,,,,,,,,,,,,,,,,,,,,0.00,,,,
10153,,,,,,,,,,,,,,,,,,,,,,,,,,,,,,,,,,,,,,0.00,,,,
10154,,,,,,,,,,,,,,,,,,,,,,,,,,,,,,,,,,,,,,0.00,,,,
10162,0.00,0.00,2.10,4.70,2.30,0.00,15.80,13.60,22.70,38.80,80.00,0.00,0.00,193238.00,203197.00,33.00,0.00,0.00,0.00,0.00,0.00,0.00,6.00,23.40,22.50,48.20,189796.00,263080.00,107132.00,66.10,33.90,193417.00,77531.00,0.00,0.00,0.00,0.00,711.00,100.00,100.00,13.70,18.50
10165,,,,,,,,,,,,,,,,,,,,,,,,,,,,,,,,,,,,,,0.00,,,,
10167,,,,,,,,,,,,,,,,,,,,,,,,,,,,,,,,,,,,,,0.00,,,,
10168,,,,,,,,,,,,,,,,,,,,,,,,,,,,,,,,,,,,,,0.00,,,,
10169,,,,,,,,,,,,,,,,,,,,,,,,,,,,,,,,,,,,,,0.00,,,,
10170,,,,,,,,,,,,,,,,,,,,,,,,,,,,,,,,,,,,,,0.00,,,,
10171,,,,,,,,,,,,,,,,,,,,,,,,,,,,,,,,,,,,,,0.00,,,,
10172,,,,,,,,,,,,,,,,,,,,,,,,,,,,,,,,,,,,,,0.00,,,,
10173,,,,,,,,,,,,,,,,,,,,,,,,,,,,,,,,,,,,,,0.00,,,,
10174,,,,,,,,,,,,,,,,,,,,,,,,,,,,,,,,,,,,,,0.00,,,,
10177,,,,,,,,,,,,,,,,,,,,,,,,,,,,,,,,,,,,,,0.00,,,,
10199,,,,,,,,,,,,,,,,,,,,,,,,,,,,,,,,,,,,,,0.00,,,,
10271,,,,,,,,,,,,,,,,,,,,,,,,,,,,,,,,,,,,,,0.00,,,,
10278,,,,,,,,,,,,,,,,,,,,,,,,,,,,,,,,,,,,,,0.00,,,,
10279,,,,,,,,,,,,,,,,,,,,,,,,,,,,,,,,,,,,,,0.00,,,,
10280,3.70,0.40,2.20,3.30,5.80,8.10,8.10,22.20,13.70,32.50,92.60,0.40,0.70,143636.00,182441.00,48.40,0.00,0.90,3.60,2.80,3.90,5.00,3.80,16.90,14.60,48.50,191591.00,226678.00,90980.00,52.70,47.30,107353.00,91507.00,5.50,4.10,6.20,2.00,6099.00,71.70,60.90,4.50,4.00
10282,2.70,0.60,0.80,1.20,0.70,8.20,7.90,8.30,8.30,61.40,87.60,0.40,1.40,245556.00,316718.00,61.00,1.10,0.00,1.40,0.50,1.10,3.70,3.20,4.10,11.20,73.70,250001.00,340201.00,138381.00,53.30,46.70,210515.00,136332.00,2.40,1.10,1.20,21.90,3319.00,48.30,70.40,1.10,0.00
10301,10.60,4.60,10.20,7.50,10.10,16.80,13.40,15.30,6.30,5.40,76.60,6.00,19.50,60278.00,76813.00,61.80,10.50,2.00,8.00,6.80,9.30,16.80,13.30,17.70,8.50,7.10,67500.00,88394.00,28054.00,57.40,42.60,53437.00,52930.00,20.80,32.60,17.00,15.10,18161.00,53.40,50.70,10.60,2.60
10302,14.20,4.60,10.40,8.20,10.40,13.20,14.80,13.20,7.20,3.70,70.80,7.90,21.90,54150.00,68842.00,69.80,13.10,1.90,6.60,7.10,10.20,15.20,16.00,15.30,9.80,4.90,66800.00,79738.00,23165.00,59.50,40.50,46802.00,43695.00,25.60,37.30,21.80,21.00,8056.00,41.40,54.60,14.80,5.00
10303,16.10,6.10,8.90,7.20,9.60,15.00,13.40,15.20,4.60,3.90,72.90,9.40,26.70,52826.00,67301.00,78.30,12.80,5.40,7.70,6.40,10.00,17.00,14.00,16.40,5.40,4.80,60884.00,74320.00,22593.00,52.30,47.70,52859.00,43871.00,23.60,31.30,21.10,16.90,10569.00,53.50,63.00,12.00,1.30
10304,10.60,4.40,9.80,9.20,14.10,15.20,9.50,15.30,5.50,6.40,76.80,5.80,22.40,53762.00,79892.00,71.70,7.70,3.80,9.40,9.10,14.00,13.60,8.80,18.20,7.00,8.30,60010.00,91471.00,27811.00,55.60,44.40,51137.00,44821.00,20.40,28.20,17.90,17.40,19113.00,48.50,68.90,14.10,4.00
10305,5.70,4.50,8.80,9.10,10.10,14.70,14.80,19.20,8.70,4.50,76.00,3.00,13.80,70763.00,83184.00,70.40,3.60,1.80,5.60,8.30,10.00,16.20,15.20,23.10,11.20,5.00,79966.00,93537.00,30178.00,58.20,41.80,60443.00,47926.00,11.10,14.50,10.10,10.50,19748.00,58.40,67.50,10.00,3.30
10306,5.00,3.30,8.30,8.00,9.70,13.70,12.40,20.80,11.80,7.10,73.30,2.50,8.80,79152.00,94614.00,72.50,2.90,1.80,3.90,6.80,10.00,13.20,13.10,25.00,14.30,9.10,96414.00,109036.00,35187.00,57.70,42.30,70800.00,52560.00,6.70,7.10,6.70,6.20,26392.00,69.60,66.20,6.40,2.80
10307,2.40,6.00,8.10,4.50,7.90,13.90,14.20,21.60,9.70,11.60,77.50,1.00,5.30,86688.00,104973.00,80.20,0.40,3.30,5.70,3.80,7.40,13.30,16.10,24.20,12.10,13.60,98750.00,118350.00,34894.00,61.30,38.70,74063.00,52340.00,6.30,8.00,5.50,6.50,6916.00,47.60,56.90,6.70,2.70
10308,3.50,2.80,7.40,5.70,7.40,16.80,14.80,20.90,12.90,7.80,78.00,1.40,5.70,85814.00,101261.00,76.20,2.10,1.20,5.50,3.90,6.20,18.50,15.90,22.60,14.40,9.80,95985.00,112902.00,36756.00,53.60,46.40,71952.00,53375.00,7.30,9.90,6.60,6.90,15063.00,66.60,61.00,5.90,1.20
10309,4.60,3.40,5.40,4.90,7.60,14.90,15.70,19.20,11.40,13.00,81.60,1.10,6.30,87536.00,111477.00,79.50,3.00,2.60,4.80,3.30,7.90,13.70,14.10,21.70,13.90,15.00,100962.00,123233.00,37508.00,61.00,39.00,78479.00,57104.00,9.60,9.50,8.70,15.50,15602.00,46.70,50.00,5.20,1.30
10310,11.10,4.10,10.90,7.90,7.90,14.00,13.40,16.50,9.40,4.80,79.00,4.60,22.40,64724.00,78919.00,74.80,8.50,2.80,8.70,7.80,6.70,13.50,14.40,20.50,11.40,5.60,76918.00,88483.00,27220.00,57.60,42.40,65379.00,51011.00,21.90,32.00,19.20,12.20,11828.00,66.00,60.70,12.40,3.70
10311,,,,,,,,,,,,,,,,,,,,,,,,,,,,,,,,,,,,,,0.00,,,,
10312,4.00,2.90,5.20,5.50,8.80,15.60,15.00,22.00,11.60,9.50,79.70,1.40,4.30,87946.00,103272.00,80.10,2.50,1.70,3.20,4.40,8.00,14.80,15.50,25.00,13.70,11.10,99701.00,114103.00,36127.00,57.30,42.70,70862.00,54517.00,7.20,10.30,6.10,7.10,30372.00,64.00,61.50,4.90,3.20
10314,4.60,3.40,6.70,6.70,9.90,16.30,14.40,20.20,11.10,6.70,80.10,2.30,8.40,78962.00,94547.00,75.80,2.20,2.00,4.20,5.80,8.60,16.00,15.70,23.60,13.60,8.30,93063.00,106966.00,33822.00,56.40,43.60,65489.00,52745.00,7.90,9.50,6.90,9.90,42886.00,57.60,66.40,7.80,3.30
10451,20.00,12.80,14.80,11.70,14.30,13.80,6.70,4.10,0.90,0.80,65.80,9.10,46.10,27197.00,39062.00,58.60,14.30,10.70,16.70,13.50,15.40,15.10,8.30,4.10,1.10,1.00,32000.00,41114.00,15672.00,50.10,49.90,33421.00,34442.00,34.70,44.90,29.50,38.50,19903.00,62.60,67.90,15.90,2.70
10452,18.30,13.00,18.70,13.50,13.90,12.70,4.90,3.90,0.70,0.30,72.90,10.60,52.90,24965.00,35555.00,68.50,14.90,12.10,19.40,15.50,13.70,14.10,5.10,4.10,0.80,0.30,26621.00,36939.00,12942.00,55.80,44.20,30604.00,29861.00,40.10,49.60,35.70,38.90,32408.00,62.50,64.90,17.20,4.40
10453,20.90,12.20,17.20,13.90,12.90,12.80,6.20,3.10,0.70,0.30,73.90,10.50,51.10,24741.00,33985.00,68.20,16.10,11.50,19.60,13.70,15.30,13.80,6.10,2.90,0.70,0.30,27639.00,35664.00,12459.00,51.40,48.60,27717.00,26164.00,41.20,54.50,36.20,35.60,37149.00,68.40,69.00,19.40,4.50
10454,24.90,14.50,20.70,10.90,11.70,8.60,4.60,2.20,1.20,0.80,63.80,10.20,54.50,19536.00,31670.00,69.40,23.70,11.80,20.00,11.20,14.40,8.90,5.30,2.10,1.50,1.00,22914.00,34166.00,11429.00,59.60,40.40,27100.00,26864.00,48.70,62.20,42.80,42.70,14719.00,58.10,55.10,20.90,4.40
10455,24.00,12.50,16.60,12.80,12.70,12.20,4.50,3.80,0.40,0.50,63.10,9.90,54.20,22996.00,33128.00,65.10,18.90,11.10,16.90,13.80,14.00,14.50,4.90,5.00,0.40,0.60,27197.00,36700.00,12442.00,53.70,46.30,25100.00,30932.00,40.60,52.50,35.20,38.80,15914.00,57.70,64.00,18.80,2.90
10456,22.40,12.60,17.80,12.60,12.50,12.10,4.60,3.90,1.30,0.10,69.70,13.40,53.50,22962.00,34536.00,69.10,17.30,11.30,18.50,14.80,12.90,13.60,5.70,4.40,1.20,0.20,26473.00,37555.00,12157.00,53.70,46.30,26999.00,29577.00,42.10,54.90,36.80,34.70,36774.00,64.70,67.30,15.40,3.70
10457,20.00,12.00,18.20,12.80,14.40,11.70,5.10,4.40,1.10,0.30,70.40,11.00,52.50,24883.00,36013.00,67.60,16.00,10.70,19.20,13.00,15.70,12.10,6.20,5.30,1.50,0.20,28147.00,38358.00,12768.00,53.00,47.00,29367.00,29396.00,40.60,51.80,36.40,33.00,29762.00,61.40,68.70,16.70,4.40
10458,19.50,13.00,17.70,10.90,12.40,13.10,6.90,5.00,0.90,0.50,70.60,9.00,47.00,24829.00,37866.00,63.00,15.70,11.40,18.70,12.80,13.00,14.90,7.60,4.80,0.60,0.40,28988.00,39553.00,14046.00,56.20,43.80,33695.00,31373.00,39.30,51.40,34.60,37.80,33960.00,54.70,65.90,19.10,4.60
10459,22.90,11.80,17.40,11.80,12.00,13.70,4.30,4.50,0.90,0.60,67.10,9.10,53.80,23400.00,36133.00,69.90,17.30,10.10,19.30,13.30,14.10,15.40,4.40,4.50,0.80,0.70,26918.00,38651.00,12616.00,53.00,47.00,28231.00,28980.00,40.90,49.00,36.60,41.70,18775.00,59.60,67.30,16.80,3.50
10460,22.00,13.00,17.50,12.50,11.60,12.80,5.00,4.30,0.90,0.50,69.30,10.00,51.90,23289.00,34899.00,69.40,17.90,11.40,18.70,14.70,13.90,12.50,5.50,4.00,1.00,0.50,26034.00,36116.00,12795.00,52.50,47.50,29972.00,28700.00,41.40,53.00,36.50,38.00,26339.00,71.20,74.60,18.00,5.60
10461,8.10,5.40,9.90,11.00,13.70,16.40,12.70,15.10,4.20,3.50,75.20,3.20,15.10,52230.00,69608.00,62.20,6.70,3.60,8.00,8.60,13.10,15.40,15.30,19.30,5.20,4.70,64428.00,80348.00,27484.00,56.90,43.10,45547.00,45705.00,16.10,24.80,13.40,15.50,26929.00,70.50,70.60,14.30,6.70
10462,11.50,7.10,10.40,10.60,15.60,18.80,12.50,9.40,2.60,1.40,78.20,3.60,24.90,45234.00,55313.00,60.20,8.10,5.60,10.50,11.00,15.20,17.70,13.90,11.80,4.10,2.10,49470.00,62669.00,22296.00,51.10,48.90,43988.00,41105.00,21.10,27.80,18.60,21.30,39641.00,63.30,70.10,14.00,3.60
10463,8.20,5.70,11.30,9.00,12.00,17.00,12.50,12.30,6.30,5.70,75.00,4.30,21.50,55354.00,77506.00,60.10,6.10,4.40,9.90,8.30,11.40,18.10,11.90,13.80,7.90,8.30,63201.00,89718.00,31572.00,50.90,49.10,52195.00,49624.00,18.00,25.70,16.40,13.30,35702.00,73.90,76.60,12.80,3.30
10464,5.60,4.10,9.50,3.60,4.30,22.00,11.50,27.30,6.50,5.60,76.20,0.50,4.30,75696.00,90265.00,52.20,0.00,0.00,2.00,2.50,2.30,26.30,7.20,45.60,6.70,7.40,107844.00,114898.00,43196.00,46.60,53.40,67066.00,70615.00,4.10,0.00,3.10,10.40,2512.00,85.00,67.40,8.40,0.00
10465,7.30,5.90,9.70,5.60,10.50,13.80,14.60,20.70,6.60,5.20,75.70,2.30,13.20,68831.00,82114.00,68.10,5.50,3.50,6.60,5.30,8.50,14.70,16.40,23.10,9.20,7.10,84183.00,94989.00,30235.00,52.60,47.40,59476.00,50994.00,13.90,22.50,11.40,11.50,22565.00,75.50,73.20,9.70,3.50
10466,13.30,7.10,11.40,10.40,13.40,17.40,12.00,9.60,3.80,1.70,77.20,5.50,26.90,42587.00,55669.00,71.50,10.20,4.10,9.90,9.90,14.50,18.50,14.70,11.10,5.10,2.00,51087.00,62951.00,19944.00,46.40,53.60,42731.00,38423.00,21.60,31.00,18.20,19.50,33987.00,67.30,75.40,14.30,4.30
10467,15.70,8.70,13.80,10.70,13.60,17.60,9.70,7.70,1.70,0.80,74.70,7.40,36.80,35852.00,47788.00,65.30,12.10,6.60,14.20,11.60,14.30,19.40,9.80,9.00,2.20,0.80,38797.00,51897.00,18103.00,52.70,47.30,37894.00,37986.00,28.10,38.60,24.50,23.00,47668.00,62.00,68.60,17.30,3.30
10468,15.00,9.80,13.90,12.80,15.00,16.60,10.00,5.10,1.00,0.80,78.60,7.10,41.60,33585.00,43225.00,67.30,11.40,9.80,15.50,13.00,15.10,17.00,11.10,4.90,1.20,1.10,35197.00,45150.00,15710.00,56.00,44.00,31058.00,32380.00,32.90,46.00,28.30,29.20,36359.00,72.70,71.40,20.50,3.70
10469,9.40,4.00,9.60,8.70,12.50,19.00,13.70,14.40,5.70,3.20,78.50,4.30,20.60,57680.00,69954.00,75.10,6.40,2.40,7.60,7.90,12.90,20.00,15.90,16.60,6.60,3.80,64020.00,77575.00,23044.00,48.90,51.10,45918.00,41909.00,13.20,19.00,11.60,9.90,36213.00,79.10,77.30,11.90,4.00
10470,7.00,6.20,7.90,10.00,11.10,19.10,15.30,15.60,5.60,2.30,76.50,2.60,13.30,58330.00,70004.00,56.40,4.80,4.20,7.00,7.60,11.60,16.20,18.00,18.70,7.90,4.10,70424.00,82000.00,28926.00,53.30,46.70,49324.00,46658.00,12.20,18.70,10.40,10.30,8037.00,80.70,73.70,16.30,4.20
10471,6.50,3.40,5.70,6.30,12.00,16.60,15.00,18.20,5.90,10.30,75.30,0.50,7.00,73684.00,100733.00,50.90,3.30,2.30,2.70,6.40,8.50,14.20,14.40,22.00,8.50,17.90,97429.00,131858.00,41945.00,49.90,50.10,70931.00,69080.00,9.30,8.60,9.20,10.10,10703.00,68.80,73.50,7.40,3.90
10472,17.00,9.90,16.50,11.40,13.00,14.50,7.90,7.20,1.50,1.10,72.00,9.30,41.80,30541.00,43989.00,71.00,12.60,8.10,18.10,12.00,13.80,16.10,8.00,8.30,1.70,1.30,34331.00,47410.00,14970.00,60.50,39.50,27165.00,31244.00,34.70,48.40,30.20,25.80,31410.00,63.20,63.00,24.00,5.00
10473,13.70,8.60,14.10,11.40,12.80,15.40,8.90,10.40,2.80,1.90,72.30,5.30,33.90,36729.00,53120.00,71.10,10.90,6.80,12.70,12.50,13.30,16.60,10.00,11.40,3.30,2.50,42843.00,58139.00,19760.00,48.70,51.30,41299.00,37948.00,27.10,38.50,24.30,20.70,25708.00,64.70,71.00,11.80,2.90
10474,19.20,14.70,13.70,15.10,13.40,15.40,4.50,3.50,0.20,0.30,73.00,9.60,47.10,26460.00,34096.00,71.90,14.70,13.10,12.90,17.80,15.10,16.90,6.40,2.60,0.00,0.40,30306.00,36439.00,11609.00,60.90,39.10,30822.00,27017.00,41.40,51.20,37.30,37.10,4629.00,49.10,64.00,17.90,2.00
10475,7.90,5.90,10.60,13.00,16.20,17.70,12.70,9.90,4.10,1.90,69.80,2.50,13.50,45886.00,59944.00,56.50,5.70,2.00,6.90,10.80,15.30,18.10,16.20,14.60,6.90,3.20,59973.00,75528.00,26215.00,44.60,55.40,46543.00,46757.00,10.20,13.80,9.30,10.50,22078.00,79.40,85.60,8.90,2.70
11004,3.50,2.70,6.70,8.70,11.80,13.40,13.80,21.40,10.60,7.30,79.10,1.10,4.00,82054.00,95851.00,63.90,1.20,2.00,5.70,3.60,7.50,13.40,15.20,29.30,13.70,8.20,101368.00,110708.00,36326.00,51.20,48.80,61333.00,54662.00,9.20,14.40,8.20,7.30,7258.00,68.40,75.00,9.40,4.10
11005,1.10,4.60,13.30,4.80,13.80,22.20,12.80,17.20,3.60,6.70,24.50,0.50,1.20,61587.00,92034.00,28.70,0.00,0.00,10.80,5.40,12.30,14.70,19.00,12.90,10.30,14.70,87222.00,128461.00,70320.00,48.90,51.10,45781.00,67159.00,1.30,,0.00,1.40,409.00,,,0.00,
11101,12.80,8.00,10.90,10.10,8.80,12.90,11.40,11.80,6.60,6.70,78.80,5.60,19.00,48509.00,73313.00,47.20,8.30,7.30,11.10,11.70,10.70,11.80,10.70,10.90,8.60,8.70,50856.00,82611.00,34276.00,56.70,43.30,53455.00,47649.00,21.60,27.80,19.40,27.70,14699.00,63.80,70.20,19.10,3.20
11102,7.90,5.10,11.20,11.40,14.20,16.60,10.90,13.10,6.00,3.60,84.00,3.50,15.10,50160.00,68309.00,53.80,4.00,4.10,12.30,12.20,16.70,17.90,8.10,13.70,6.20,4.80,50536.00,72714.00,28118.00,60.60,39.40,45572.00,47309.00,18.60,26.40,17.20,15.80,21732.00,49.90,59.50,22.70,4.10
11103,5.80,4.00,10.10,9.10,14.20,20.20,14.00,13.80,4.90,3.90,83.90,2.50,8.20,57733.00,72396.00,47.10,3.20,3.10,11.00,7.40,16.20,19.10,14.30,16.20,5.00,4.50,61358.00,77345.00,32578.00,57.70,42.30,50141.00,45739.00,14.40,24.40,13.50,9.20,25039.00,50.90,63.30,22.60,4.90
11104,6.20,5.70,11.60,9.20,12.30,18.40,14.20,13.90,5.00,3.60,83.70,2.90,9.80,56578.00,71040.00,50.60,2.00,5.00,12.00,8.40,11.60,18.90,14.50,16.60,6.60,4.30,63024.00,79777.00,31798.00,56.30,43.70,41749.00,49886.00,13.80,20.60,12.20,14.80,16357.00,59.70,64.40,24.50,5.70
11105,7.40,4.20,9.10,8.00,12.50,20.50,11.30,16.70,6.30,3.90,82.70,1.60,8.80,60247.00,75740.00,52.10,4.60,2.70,7.90,9.10,13.70,17.80,11.60,18.70,8.50,5.40,64994.00,85685.00,33350.00,53.80,46.20,52463.00,49867.00,13.50,17.20,13.30,10.20,22455.00,49.70,70.60,17.20,3.70
11106,10.10,6.50,11.10,6.70,13.50,17.60,12.80,14.10,4.70,3.10,79.80,3.10,14.90,52399.00,68551.00,49.70,7.00,5.50,10.60,8.70,14.30,17.40,11.70,14.60,6.20,4.00,53723.00,73130.00,31376.00,56.50,43.50,50821.00,46264.00,20.00,33.50,16.70,22.90,23743.00,59.40,62.40,19.40,4.90
11109,8.80,1.50,0.70,1.50,3.90,8.70,13.80,20.20,8.10,32.80,92.00,2.80,0.80,128693.00,164048.00,35.90,1.80,1.30,0.00,0.00,0.00,3.20,12.20,23.90,10.50,47.10,187422.00,231197.00,91699.00,56.70,43.30,110875.00,82845.00,8.80,0.00,9.80,11.30,3279.00,47.10,48.90,12.60,17.40
11201,5.70,3.60,6.20,5.10,7.70,11.60,10.40,16.40,10.50,22.70,85.40,2.40,8.00,98775.00,151787.00,45.60,3.30,2.30,4.70,4.40,5.40,8.20,8.00,15.00,14.20,34.40,143276.00,206972.00,68287.00,52.80,47.20,95428.00,76996.00,14.30,17.00,14.10,11.50,34220.00,68.70,67.10,7.90,1.70
11203,11.00,5.60,10.90,10.30,15.30,16.70,12.60,11.80,3.70,2.20,77.70,3.80,18.40,46630.00,60629.00,67.60,6.50,4.10,8.60,10.00,15.40,18.00,15.60,14.30,4.60,2.90,56355.00,69865.00,22555.00,43.70,56.30,44835.00,40504.00,17.20,24.10,15.00,16.50,37963.00,71.50,78.80,15.40,3.70
11204,7.90,7.00,14.70,10.80,12.90,17.80,10.30,10.90,4.50,3.10,77.70,4.20,22.80,45593.00,63616.00,76.30,4.60,6.10,13.00,10.70,14.20,18.70,11.00,12.60,5.40,3.80,51441.00,70116.00,20284.00,59.70,40.30,41260.00,38663.00,22.80,34.00,18.70,18.80,35441.00,38.90,52.70,13.10,3.30
11205,12.50,7.70,11.80,10.10,9.70,12.80,10.40,12.90,5.60,6.50,79.40,6.10,28.40,47050.00,73083.00,55.30,9.40,8.40,13.10,10.00,9.70,12.00,9.10,14.30,5.70,8.10,49246.00,80419.00,26331.00,56.60,43.40,45470.00,50445.00,34.50,53.20,27.90,21.90,21272.00,47.70,54.80,12.90,1.80
11206,17.40,10.50,15.70,11.40,13.00,12.60,7.10,7.80,3.00,1.50,71.40,6.90,39.70,30686.00,47277.00,59.60,13.00,9.90,18.10,13.70,15.80,13.00,5.90,7.10,2.00,1.40,31419.00,46287.00,17241.00,53.50,46.50,38176.00,36510.00,35.80,51.90,29.10,33.50,37848.00,52.20,60.00,16.00,3.00
11207,19.60,8.60,12.30,10.50,14.00,15.60,8.70,8.00,1.90,0.90,71.70,9.70,36.60,33816.00,45940.00,70.00,16.30,7.30,13.20,9.90,14.00,16.50,9.90,9.50,2.40,1.10,38132.00,50587.00,16386.00,47.30,52.70,36069.00,34944.00,33.20,45.90,28.20,29.40,40659.00,56.10,65.60,14.80,4.90
11208,20.60,6.30,12.70,10.90,14.70,15.50,8.60,7.60,1.90,1.30,72.10,6.50,23.70,34527.00,45934.00,72.50,16.00,5.70,13.10,11.40,15.30,17.20,9.10,8.60,2.30,1.40,38268.00,49905.00,15154.00,49.90,50.10,34560.00,33542.00,33.60,42.90,29.60,30.20,37588.00,52.40,55.50,13.20,3.10
11209,7.70,4.70,10.20,8.00,11.10,17.20,12.10,14.00,7.50,7.50,77.00,3.30,12.20,59934.00,84945.00,54.90,4.60,3.00,8.10,6.60,10.80,16.20,12.40,16.20,11.10,11.10,76603.00,101621.00,36870.00,57.70,42.30,59205.00,58381.00,15.60,20.80,13.90,15.90,37567.00,56.50,53.70,11.40,2.00
11210,7.30,4.30,8.40,9.90,14.40,19.30,13.10,13.00,5.70,4.60,83.50,5.50,22.00,56052.00,75085.00,71.10,4.80,3.50,5.90,8.30,14.70,19.50,15.00,15.30,7.30,5.70,65007.00,85802.00,25229.00,50.70,49.30,44449.00,41609.00,15.10,21.10,13.30,11.60,31792.00,63.50,66.80,6.80,1.30
11211,10.30,9.70,10.70,9.30,9.40,14.20,10.20,12.70,6.20,7.30,82.30,3.50,26.60,50943.00,77466.00,50.20,7.90,10.30,14.50,12.50,11.70,12.80,7.00,11.40,4.60,7.30,41230.00,72451.00,30557.00,54.60,45.40,56160.00,49715.00,31.60,52.00,24.20,31.10,50467.00,45.10,46.70,12.20,2.70
11212,20.20,11.00,14.20,12.80,13.50,13.60,7.60,4.60,1.60,1.00,68.50,9.30,39.70,28146.00,40233.00,68.50,16.40,9.10,14.90,13.60,13.10,14.30,9.40,5.80,1.90,1.30,31563.00,45040.00,15814.00,38.90,61.10,36351.00,33712.00,35.40,47.80,31.00,28.90,35253.00,61.60,68.40,15.00,4.50
11213,16.00,9.80,12.40,12.00,14.10,16.70,9.20,6.20,2.50,1.00,73.40,7.70,31.90,34804.00,47297.00,59.10,11.70,7.70,11.50,10.80,15.70,18.40,10.70,8.50,3.50,1.50,41430.00,55088.00,18635.00,49.10,50.90,41084.00,35731.00,27.40,32.50,25.80,24.50,28044.00,55.80,65.40,15.50,4.30
11214,9.10,7.40,11.40,10.80,14.30,18.00,10.50,11.80,4.10,2.70,73.40,4.50,21.60,45838.00,62934.00,69.40,5.70,5.20,9.30,11.20,15.60,19.50,11.80,13.90,4.90,3.00,54105.00,68794.00,23134.00,58.20,41.80,42280.00,37340.00,18.60,27.40,15.90,18.40,41549.00,50.70,56.10,15.70,5.80
11215,4.00,2.90,3.40,4.30,8.00,14.60,13.30,18.30,12.30,18.90,89.30,1.20,5.80,99040.00,139886.00,55.00,2.50,2.00,2.60,3.40,6.70,11.20,10.20,19.50,15.00,26.80,126566.00,172546.00,58737.00,54.20,45.80,75150.00,70312.00,8.20,7.40,7.90,13.30,45292.00,76.00,75.70,9.80,2.60
11216,11.60,7.60,10.60,10.20,13.20,17.80,10.60,10.40,4.70,3.20,78.00,5.50,22.50,45566.00,63003.00,47.30,10.90,5.70,7.60,10.30,13.10,19.40,10.80,11.20,5.70,5.30,51622.00,72587.00,28134.00,48.10,51.90,45558.00,41808.00,21.90,27.80,19.80,27.30,31882.00,73.40,78.80,18.40,4.70
11217,6.80,4.00,6.60,6.40,8.10,12.00,12.10,17.40,9.70,16.90,86.80,3.50,11.80,85199.00,120590.00,48.80,4.60,4.90,6.30,4.90,8.10,11.90,9.20,17.60,8.80,23.60,100250.00,141900.00,53380.00,52.70,47.30,78096.00,64967.00,14.60,19.90,12.80,19.60,24225.00,68.70,67.90,10.60,2.70
11218,8.10,6.50,11.90,8.90,11.70,15.00,14.10,13.30,5.50,4.80,83.30,3.20,19.40,54441.00,72945.00,65.30,4.70,6.50,12.80,9.30,12.00,13.00,13.70,14.90,7.10,6.10,60340.00,80881.00,24828.00,58.70,41.30,42493.00,48722.00,22.50,32.00,18.90,19.60,36202.00,49.80,61.70,16.10,2.60
11219,9.20,10.20,16.90,13.70,14.70,15.60,7.70,7.50,2.60,2.00,80.50,7.10,35.70,35083.00,51454.00,77.60,7.20,8.60,17.00,15.30,14.70,16.60,7.80,8.00,2.60,2.20,36644.00,53230.00,14419.00,63.40,36.60,31292.00,30985.00,36.10,48.40,30.30,24.00,39038.00,45.00,48.30,12.50,1.90
11220,9.90,8.60,15.80,12.80,14.70,15.10,9.20,8.90,3.00,2.10,81.50,4.70,30.40,38052.00,53315.00,75.00,7.80,7.90,18.10,14.40,15.60,15.10,8.20,7.80,3.00,2.10,36441.00,52151.00,16257.00,64.30,35.70,27122.00,30925.00,32.00,44.00,27.70,32.10,50401.00,56.70,61.60,23.30,4.30
11221,16.10,6.90,12.90,10.10,13.20,16.50,9.90,9.60,2.80,1.90,73.80,6.10,36.90,39785.00,53275.00,61.10,11.20,5.60,13.70,10.90,13.10,19.20,10.70,10.10,2.80,2.60,44648.00,57790.00,19340.00,49.70,50.30,37236.00,37520.00,27.00,37.50,22.80,30.50,42723.00,73.50,77.30,18.20,4.40
11222,7.60,4.30,8.10,8.10,9.70,16.80,16.20,17.80,6.30,5.20,83.80,1.30,6.40,66610.00,80886.00,39.70,3.50,3.20,8.00,8.30,7.40,16.00,18.10,21.60,7.30,6.60,78742.00,90769.00,40119.00,54.80,45.20,55147.00,53449.00,12.70,13.60,11.30,23.70,23448.00,68.20,60.00,20.70,7.50
11223,11.50,7.30,13.60,11.70,13.70,16.30,9.40,9.90,3.20,3.30,70.70,3.70,21.60,40873.00,61705.00,70.30,5.70,5.40,12.20,11.90,14.70,18.70,10.70,12.70,3.70,4.40,50209.00,71980.00,22570.00,60.00,40.00,41863.00,37574.00,19.50,25.80,17.00,19.60,33999.00,42.60,49.00,15.60,5.90
11224,20.50,11.40,15.50,7.70,12.40,13.80,6.20,7.20,3.80,1.60,59.40,5.30,39.70,27011.00,47290.00,57.90,9.20,10.30,13.60,8.50,14.30,16.00,8.50,11.40,5.80,2.30,42689.00,59893.00,20916.00,47.00,53.00,43122.00,39824.00,29.80,38.10,24.70,36.00,18299.00,70.60,69.20,10.70,2.20
11225,9.50,6.90,12.40,11.50,15.10,18.90,11.20,9.30,2.30,2.80,80.60,4.40,21.20,43543.00,59118.00,57.90,5.60,5.00,12.00,11.30,15.00,19.70,12.90,11.60,3.00,3.80,50988.00,67326.00,23552.00,47.90,52.10,40462.00,42207.00,21.60,30.90,19.80,15.20,32831.00,68.60,74.50,17.00,4.70
11226,11.30,6.40,12.10,11.80,15.10,19.60,10.10,9.00,3.00,1.50,81.40,5.00,29.10,42182.00,55874.00,63.00,7.80,5.10,11.00,11.70,15.70,21.30,10.90,10.90,4.00,1.70,48552.00,62155.00,21483.00,47.00,53.00,38464.00,35741.00,20.20,27.10,17.60,21.90,52711.00,71.90,77.50,20.50,4.80
11228,4.50,4.80,10.80,7.80,10.90,17.80,12.00,16.60,7.70,7.20,77.70,2.60,11.70,62821.00,86920.00,73.40,2.20,3.60,9.30,7.00,10.00,18.50,12.40,18.30,9.70,9.10,74211.00,98023.00,29683.00,59.70,40.30,53369.00,50799.00,11.90,17.00,10.80,9.70,22479.00,59.10,61.00,9.10,1.50
11229,8.50,7.00,11.70,8.30,12.60,17.20,10.80,14.30,4.80,4.80,74.70,3.30,18.30,51985.00,70010.00,67.70,4.20,4.90,10.40,8.10,12.40,17.70,11.10,18.30,6.50,6.30,62806.00,81708.00,27246.00,56.90,43.10,51314.00,44454.00,15.00,21.10,12.10,18.60,39723.00,57.80,62.70,8.40,2.00
11230,12.30,8.20,12.80,10.50,11.80,15.00,10.00,9.90,4.50,5.00,75.30,2.70,24.60,41820.00,66750.00,66.00,5.60,6.70,12.00,11.90,12.10,15.20,11.10,12.50,6.10,6.90,52534.00,80220.00,23792.00,60.30,39.70,46350.00,40251.00,24.10,30.20,20.60,27.50,38187.00,43.90,49.80,14.10,4.10
11231,11.40,4.20,6.30,5.80,7.20,11.30,10.60,16.70,10.50,16.00,80.70,3.20,15.40,83383.00,118321.00,54.10,7.40,4.60,5.40,4.90,8.70,9.80,9.10,15.90,11.60,22.70,100553.00,146207.00,52748.00,51.30,48.70,81045.00,61233.00,16.30,19.10,14.20,27.50,20997.00,71.00,72.80,10.40,3.20
11232,7.40,5.10,13.10,13.40,16.50,17.60,11.80,10.20,2.50,2.30,87.10,3.60,27.90,44583.00,59324.00,68.70,6.10,4.40,17.40,14.70,15.60,17.60,8.90,10.20,3.10,2.10,41933.00,57882.00,19325.00,62.60,37.40,30083.00,33367.00,27.80,40.50,23.70,23.80,15346.00,57.10,63.20,25.50,5.40
11233,17.10,9.80,13.70,9.90,13.60,15.00,7.80,8.80,2.70,1.60,72.20,7.70,33.20,34432.00,49486.00,64.20,14.50,7.90,13.70,10.00,12.00,17.10,9.30,9.90,3.70,1.90,39712.00,55275.00,19696.00,42.80,57.20,41076.00,40852.00,30.80,41.90,26.50,29.80,32098.00,59.40,65.80,14.70,4.20
11234,5.50,3.10,7.90,8.80,11.80,17.80,13.20,17.80,8.60,5.60,80.90,2.10,11.40,67713.00,85437.00,75.50,2.90,1.80,5.60,7.40,12.30,18.00,13.50,21.30,10.50,6.70,78885.00,96004.00,29736.00,50.00,50.00,52862.00,50942.00,9.60,13.30,8.30,9.00,49267.00,64.80,78.30,10.50,4.20
11235,16.00,8.20,10.30,10.40,9.10,13.80,10.00,13.00,4.40,4.80,66.80,2.30,24.10,42257.00,67317.00,59.10,5.60,6.80,9.50,10.30,9.00,15.50,11.20,17.70,6.70,7.70,63335.00,87341.00,29182.00,52.00,48.00,53248.00,47291.00,22.00,23.70,17.30,34.30,35346.00,57.70,62.40,12.20,5.30
11236,8.20,3.90,7.80,8.80,13.50,18.30,14.80,14.80,6.70,3.20,85.60,3.20,16.20,60135.00,73164.00,76.40,6.70,2.70,6.30,8.00,13.30,18.60,15.90,16.30,8.20,4.00,66897.00,80066.00,24929.00,44.60,55.40,45228.00,44053.00,14.50,20.50,12.10,16.30,52503.00,72.80,80.10,12.90,5.00
11237,12.70,5.60,13.20,11.30,15.50,16.00,10.60,9.90,3.70,1.60,83.10,5.30,35.60,42496.00,57515.00,66.90,11.10,7.20,16.40,14.80,14.40,15.90,7.90,8.00,3.10,1.30,35521.00,52020.00,18373.00,63.30,36.70,28318.00,30071.00,31.80,44.80,27.40,32.90,30358.00,59.40,67.00,32.80,3.80
11238,6.80,4.40,9.30,5.80,11.10,14.90,15.10,17.50,8.00,7.10,82.50,2.10,12.90,69491.00,89269.00,42.80,4.20,3.00,9.40,6.10,9.40,14.20,14.90,17.40,10.30,11.00,80423.00,105773.00,40557.00,48.40,51.60,58030.00,52743.00,13.90,13.00,13.50,17.50,32899.00,74.70,84.30,12.40,2.80
11239,19.40,16.00,11.90,8.20,18.90,15.80,5.30,3.20,0.40,0.90,56.80,8.10,36.10,27886.00,38019.00,54.60,10.40,13.60,12.30,8.60,20.70,20.10,6.70,5.10,0.80,1.70,40550.00,47407.00,19169.00,34.10,65.90,39575.00,48381.00,31.80,32.20,25.80,45.20,5140.00,74.30,82.20,6.40,2.00
11351,,,,,,,,,,,,,,,,,,,,,,,,,,,,,,,,,,,,,,0.00,,,,
11354,9.60,5.50,11.60,12.50,12.90,17.80,12.30,10.70,3.60,3.60,78.20,2.50,16.00,46650.00,63883.00,70.10,5.90,5.10,10.90,12.70,14.40,18.50,12.40,12.30,3.80,4.10,50706.00,67525.00,23833.00,58.70,41.30,42193.00,37232.00,18.70,21.90,17.90,19.00,29018.00,57.60,66.60,25.60,6.00
11355,12.10,6.50,14.50,11.50,13.70,16.50,9.10,10.10,3.90,2.20,78.50,3.10,16.20,40539.00,56359.00,70.70,7.30,5.10,15.60,13.80,15.20,16.50,9.00,11.10,4.10,2.20,42626.00,59494.00,19811.00,57.90,42.10,35813.00,33435.00,22.20,23.10,21.00,26.40,41487.00,49.90,57.10,30.00,14.80
11356,5.20,2.40,10.20,8.00,14.60,19.90,17.30,12.90,5.80,3.70,85.90,2.90,13.20,59084.00,73994.00,74.50,3.70,2.90,8.50,8.60,14.20,19.20,16.20,15.30,6.90,4.50,63084.00,79167.00,24417.00,59.80,40.20,41932.00,39961.00,12.30,15.90,10.90,12.30,12126.00,57.70,67.90,20.90,6.40
11357,3.90,2.90,8.40,9.50,9.00,17.20,13.20,21.20,8.30,6.60,73.70,1.00,4.90,73189.00,91409.00,72.00,1.60,1.10,6.20,7.10,8.50,17.80,15.00,24.30,10.20,8.20,86330.00,103234.00,34857.00,56.70,43.30,65545.00,54388.00,5.90,5.70,5.70,6.80,19656.00,62.60,59.80,11.30,5.00
11358,5.80,4.20,7.70,8.70,10.50,18.90,13.50,16.50,7.90,6.20,80.70,1.80,7.20,67277.00,82641.00,74.20,3.70,4.10,4.40,8.30,10.50,18.30,14.60,18.70,9.40,7.90,75874.00,92204.00,30097.00,56.40,43.60,51149.00,50409.00,10.90,13.70,10.40,9.80,19706.00,60.60,63.70,21.40,9.20
11359,,,,,,,,,,,,,,,,,,,,,,,,,,,,,,,,,,,,,,0.00,,,,
11360,5.50,2.20,9.20,4.90,9.90,15.70,11.60,19.70,11.60,9.70,72.40,0.50,4.30,79513.00,99142.00,62.80,2.80,0.50,4.50,5.10,8.50,14.50,11.50,24.20,15.00,13.40,104077.00,117773.00,43697.00,54.10,45.90,80034.00,66164.00,6.40,8.50,5.70,6.60,10054.00,71.80,72.20,6.60,0.80
11361,4.10,3.20,8.50,6.70,9.80,15.90,14.70,19.70,10.30,7.10,82.40,1.40,5.40,77219.00,92549.00,70.30,2.60,1.80,6.00,6.30,10.50,15.80,15.20,21.00,11.30,9.30,85258.00,101892.00,33806.00,55.30,44.70,62579.00,53056.00,8.20,9.50,8.30,6.10,16382.00,75.70,62.70,12.80,4.60
11362,4.50,2.90,6.10,9.10,7.10,16.30,16.80,20.70,9.60,6.80,77.00,0.20,5.30,82058.00,94462.00,65.70,2.60,0.50,4.10,6.30,5.60,17.50,16.50,24.20,13.40,9.30,95037.00,110294.00,38018.00,53.20,46.80,57400.00,61197.00,8.20,9.50,8.40,6.20,9506.00,64.50,68.80,13.00,4.30
11363,1.70,1.40,3.80,5.80,10.80,14.30,20.40,21.50,8.00,12.50,82.50,1.10,4.50,92711.00,124271.00,73.70,0.50,0.00,2.30,5.50,11.30,8.60,21.00,25.40,9.50,15.90,102690.00,143987.00,42724.00,62.10,37.90,62396.00,60066.00,5.90,9.40,4.80,5.10,4074.00,65.50,76.20,12.80,1.30
11364,4.80,4.10,8.40,6.70,10.50,17.00,14.80,19.10,8.10,6.60,79.20,1.60,7.20,72344.00,86922.00,67.40,3.30,3.50,6.10,5.20,10.40,16.70,14.90,20.60,10.00,9.30,83814.00,98784.00,33783.00,56.80,43.20,59689.00,56348.00,8.60,8.80,8.80,7.80,17884.00,62.20,64.60,13.30,6.00
11365,8.30,4.40,10.20,9.10,11.40,16.90,14.40,14.80,5.70,4.70,75.80,3.90,10.90,58990.00,74919.00,71.20,5.20,2.90,7.60,8.40,10.60,19.20,16.90,16.10,6.90,6.10,70864.00,84762.00,27555.00,57.10,42.90,53975.00,49547.00,14.50,19.10,12.70,15.00,20756.00,52.30,62.10,14.10,1.80
11366,7.40,3.70,6.40,6.50,8.80,19.30,11.40,16.80,11.30,8.40,77.80,1.90,6.60,71692.00,93798.00,76.20,1.70,2.00,4.00,6.60,8.60,20.60,12.70,19.10,14.20,10.50,90353.00,107300.00,31680.00,56.70,43.30,55712.00,49088.00,13.40,13.30,14.00,10.30,6498.00,48.50,59.40,8.80,2.00
11367,7.70,6.20,10.30,7.90,12.50,19.10,11.10,14.50,6.70,3.90,79.10,4.30,13.60,54218.00,72653.00,68.80,4.90,4.20,7.70,7.50,12.90,20.40,11.50,17.90,7.80,5.00,64664.00,82832.00,26144.00,56.10,43.90,48374.00,49130.00,15.90,19.40,15.40,11.80,19209.00,49.70,51.70,11.10,2.50
11368,6.90,5.70,13.10,12.40,17.20,18.20,12.40,10.70,2.00,1.30,85.50,6.00,29.40,45014.00,56401.00,75.30,6.80,5.10,15.20,12.60,16.90,18.60,11.30,10.60,1.70,1.20,43909.00,55158.00,16061.00,68.90,31.10,26741.00,28901.00,24.50,35.60,21.00,20.30,57519.00,57.80,64.50,36.60,4.50
11369,6.10,2.90,11.40,11.70,15.10,19.10,14.50,12.10,4.80,2.20,86.40,2.60,14.70,54181.00,67335.00,71.90,3.90,3.00,10.90,10.60,15.40,20.60,14.50,13.10,5.70,2.20,58571.00,70695.00,21072.00,62.80,37.20,34946.00,35096.00,17.90,23.30,17.10,12.00,21006.00,60.60,69.80,28.10,10.60
11370,9.30,4.00,10.10,8.60,13.50,16.00,15.10,13.30,7.00,3.10,81.10,3.30,14.90,54196.00,69161.00,74.30,7.90,2.30,8.10,10.30,12.10,18.70,13.40,15.90,8.20,3.10,57298.00,74039.00,18161.00,63.60,36.40,36491.00,41438.00,16.30,21.60,14.50,17.80,14595.00,46.20,62.80,22.60,3.00
11371,,,,,,,,,,,,,,,,,,,,,,,,,,,,,,,,,,,,,,0.00,,,,
11372,7.30,4.70,14.60,13.40,12.90,18.60,12.70,10.30,2.50,3.20,81.30,4.90,14.70,46402.00,62444.00,56.80,3.40,3.00,16.30,13.80,15.60,17.60,12.80,11.50,2.70,3.20,47977.00,64954.00,25416.00,64.10,35.90,36576.00,35092.00,19.80,27.80,17.80,19.60,34530.00,52.80,61.50,27.10,4.10
11373,7.10,5.80,12.10,11.70,14.00,20.60,9.70,11.40,3.90,3.80,84.70,4.30,15.40,49042.00,65470.00,70.60,4.50,4.50,12.80,11.70,14.70,21.30,11.20,11.40,3.80,4.10,51548.00,68525.00,21905.00,64.20,35.80,34204.00,35869.00,19.80,25.80,18.50,17.30,52538.00,53.20,59.60,29.00,4.20
11374,8.50,5.80,10.90,9.30,14.90,16.40,12.20,13.40,5.50,3.20,75.80,1.80,12.80,50606.00,68255.00,53.10,2.70,4.60,8.90,7.70,15.00,14.10,14.60,20.20,8.10,4.30,70158.00,83787.00,32415.00,54.50,45.50,52369.00,51600.00,12.90,10.80,11.50,20.30,22533.00,61.10,67.60,14.90,4.30
11375,5.30,4.20,7.90,6.20,10.60,18.20,13.00,17.30,8.80,8.50,77.20,1.30,6.10,71643.00,94340.00,54.10,2.60,1.90,5.20,5.40,7.90,16.60,13.40,21.90,12.30,12.70,94260.00,116563.00,44032.00,54.80,45.20,71453.00,62372.00,8.70,10.30,7.60,11.20,37544.00,63.30,66.20,9.80,5.20
11377,6.30,4.90,10.70,11.90,16.80,19.90,11.80,11.80,3.40,2.70,84.30,4.60,12.80,49641.00,63387.00,63.20,4.50,3.10,10.80,12.10,18.10,19.30,12.60,12.60,3.70,3.10,51720.00,67134.00,23505.00,61.20,38.80,36172.00,36974.00,15.80,20.50,14.80,14.50,48805.00,54.60,59.70,26.10,4.10
11378,8.60,4.20,9.70,9.70,13.20,19.30,13.80,12.60,5.30,3.50,77.60,1.80,5.60,56278.00,69886.00,58.20,3.10,1.70,7.10,9.70,12.60,20.10,15.70,17.20,8.20,4.60,69587.00,85781.00,29422.00,55.30,44.70,48941.00,44915.00,11.90,16.00,11.40,8.20,16781.00,51.30,70.10,18.20,5.00
11379,5.80,4.80,8.70,7.60,10.00,15.50,15.10,19.30,8.00,5.20,75.50,1.20,4.80,71393.00,84041.00,65.80,3.90,2.80,5.40,6.50,7.80,15.80,17.00,23.40,10.70,6.80,85601.00,98115.00,33357.00,55.90,44.10,56495.00,53004.00,9.80,13.20,9.10,9.10,18219.00,67.10,65.30,11.50,3.90
11385,8.90,4.60,11.80,8.80,12.70,17.60,14.40,13.90,4.40,2.90,78.80,3.20,9.70,53558.00,66944.00,69.40,7.00,2.70,9.50,9.00,12.60,19.70,15.70,15.10,5.10,3.50,60993.00,73072.00,24197.00,57.00,43.00,42581.00,37480.00,17.30,26.30,14.50,16.60,50402.00,53.80,61.90,20.30,4.50
11411,2.50,1.70,5.90,8.40,10.30,19.20,11.80,23.40,11.40,5.40,80.40,3.40,11.50,81117.00,93666.00,76.70,1.20,0.70,3.10,6.40,7.60,20.30,13.10,28.20,13.10,6.40,94101.00,103365.00,31752.00,47.80,52.20,51582.00,49956.00,4.40,4.40,3.60,6.90,10157.00,72.10,83.60,12.00,4.80
11412,3.90,2.90,9.40,7.40,11.20,19.30,15.10,20.60,6.70,3.60,84.70,3.30,15.10,70709.00,80823.00,79.00,1.80,2.00,7.00,6.50,11.30,19.90,17.00,23.20,7.50,3.90,77169.00,87603.00,25496.00,44.50,55.50,44313.00,42596.00,9.40,14.90,7.90,7.40,21652.00,85.40,90.50,15.50,8.40
11413,3.20,2.90,6.10,6.70,10.60,17.30,16.20,21.10,11.00,5.00,84.40,4.60,14.40,80237.00,91263.00,79.90,1.70,1.70,5.10,5.50,11.00,16.90,17.70,22.50,12.50,5.40,84831.00,97161.00,28580.00,44.40,55.60,51336.00,45506.00,7.10,9.90,6.10,7.40,22215.00,74.50,79.60,12.00,4.40
11414,3.90,5.30,8.10,7.20,12.40,16.90,13.80,15.00,9.70,7.60,75.10,1.40,8.50,69088.00,90543.00,73.20,1.80,2.80,5.30,6.50,11.80,15.40,16.10,18.40,11.40,10.40,83792.00,106179.00,35199.00,52.90,47.10,60923.00,52141.00,8.90,11.70,9.00,6.20,14754.00,78.10,70.50,8.00,3.20
11415,4.00,4.30,9.30,8.50,12.40,19.20,14.50,14.70,7.90,5.20,79.40,3.90,8.30,64696.00,80185.00,54.80,2.20,2.20,10.00,5.70,10.50,19.00,13.20,17.80,11.60,7.80,75465.00,92611.00,35734.00,58.20,41.80,57235.00,53380.00,11.40,15.90,9.80,13.20,10860.00,60.50,65.80,11.30,4.20
11416,5.90,3.40,11.50,7.50,14.00,21.50,14.30,11.50,5.40,4.90,90.20,2.80,22.90,58621.00,73653.00,81.10,6.50,2.70,7.50,7.10,14.50,23.00,14.90,13.00,5.90,5.10,60372.00,77103.00,21338.00,57.60,42.40,41627.00,37877.00,16.30,23.60,14.00,12.70,13458.00,60.00,61.50,16.40,3.20
11417,6.80,4.50,9.30,5.70,10.90,22.70,14.30,16.10,6.40,3.40,84.30,3.00,19.30,61617.00,77103.00,78.80,5.10,3.30,9.50,6.00,10.40,22.40,14.30,18.40,7.30,3.40,67229.00,81215.00,24237.00,57.90,42.10,44537.00,44153.00,15.50,20.80,13.90,13.70,16120.00,60.30,61.70,15.80,2.40
11418,6.70,4.70,7.20,9.30,10.50,21.80,15.00,16.20,5.80,2.90,87.10,3.70,17.50,61472.00,72887.00,74.50,5.30,4.40,7.50,9.90,12.10,19.10,14.30,17.80,6.80,2.90,62216.00,74930.00,23317.00,60.30,39.70,43370.00,39900.00,14.60,19.20,13.20,13.00,19268.00,56.30,61.10,20.00,3.60
11419,6.20,4.80,10.70,11.20,12.90,17.90,13.70,13.90,5.90,2.70,88.80,3.10,18.00,55557.00,68973.00,85.20,5.10,3.50,9.90,11.90,13.50,18.20,14.10,15.10,5.60,3.00,59080.00,71157.00,19170.00,59.10,40.90,37368.00,34142.00,17.80,25.40,15.90,14.30,25120.00,53.80,62.50,21.20,3.90
11420,5.50,3.50,9.90,10.20,14.90,17.30,12.80,16.00,5.30,4.50,85.80,6.70,17.30,57784.00,76420.00,84.30,3.10,2.30,8.50,10.30,16.10,18.20,13.20,17.50,6.00,4.90,61909.00,81797.00,22129.00,53.90,46.10,43051.00,37773.00,12.30,17.90,10.70,10.60,25962.00,59.10,67.70,18.80,7.60
11421,5.30,4.30,9.80,9.20,12.20,18.30,13.80,15.50,6.80,4.80,86.60,2.70,18.40,61974.00,78375.00,80.60,4.90,3.70,8.30,8.40,11.70,18.60,15.20,16.20,8.00,5.00,64817.00,82800.00,23475.00,54.20,45.80,41580.00,38964.00,15.40,21.80,13.70,11.50,22355.00,62.40,71.00,17.00,3.60
11422,3.10,2.00,4.60,6.60,12.80,15.70,16.10,21.90,12.00,5.10,89.60,4.40,15.70,83631.00,92001.00,79.20,3.40,1.30,2.70,5.70,12.40,14.40,17.20,24.70,12.30,5.90,91309.00,98020.00,29035.00,42.70,57.30,51690.00,45026.00,8.40,13.50,6.90,6.20,17802.00,71.00,75.50,11.10,4.30
11423,7.20,3.30,9.90,7.50,15.00,16.90,12.10,15.50,8.90,3.80,81.90,4.90,18.60,60161.00,78204.00,73.60,3.40,2.10,7.70,6.90,14.20,18.10,13.80,17.80,11.00,4.90,71974.00,87738.00,25657.00,53.00,47.00,41713.00,40771.00,10.80,14.60,10.50,7.00,17518.00,74.80,72.40,15.20,5.10
11424,,,,,,,,,,,,,,,,,,,,,,,,,,,,,,,,,,,,,,0.00,,,,
11425,,,,,,,,,,,,,,,,,,,,,,,,,,,,,,,,,,,,,,0.00,,,,
11426,4.50,2.00,6.60,4.90,11.60,17.40,17.10,17.90,10.80,7.20,84.00,1.10,4.90,77917.00,96119.00,77.50,3.90,1.10,3.50,5.80,10.90,14.90,18.00,20.90,12.00,8.90,87813.00,106175.00,31453.00,60.30,39.70,57241.00,48958.00,9.10,14.10,8.20,6.20,10298.00,57.20,56.70,11.10,7.70
11427,5.20,4.10,7.60,7.00,11.40,18.00,15.20,19.00,6.40,6.20,81.60,3.00,8.90,69847.00,85937.00,73.90,2.40,1.60,6.60,5.20,10.20,18.10,16.90,24.10,7.60,7.30,85622.00,95752.00,29657.00,52.90,47.10,48046.00,48884.00,11.20,13.50,11.20,8.20,11969.00,60.70,63.40,14.50,4.10
11428,4.30,2.30,8.70,9.90,13.10,16.80,16.80,19.20,6.40,2.50,85.90,6.50,14.10,68077.00,77377.00,86.40,2.90,2.30,9.10,8.80,11.80,15.90,18.10,21.70,7.00,2.40,73481.00,81113.00,23357.00,57.80,42.20,41584.00,39694.00,10.90,19.20,9.10,7.90,11165.00,71.20,64.20,15.10,5.70
11429,6.00,4.50,8.20,6.60,10.60,16.00,16.20,17.10,10.80,4.10,84.40,4.30,17.60,71208.00,83725.00,83.50,4.30,2.10,8.10,6.30,10.90,18.30,16.60,17.90,11.30,4.30,75185.00,88176.00,24564.00,47.50,52.50,48136.00,42240.00,12.20,19.30,10.70,8.50,15248.00,75.50,80.90,16.00,5.40
11430,,,,,,,,,,,,,,,,,,,,,,,,,,,,,8278.00,100.00,0.00,,,83.60,,82.90,100.00,111.00,,,6.70,
11432,7.60,4.50,12.60,12.00,13.50,18.40,10.20,11.60,5.40,4.20,85.20,3.40,18.10,49631.00,67770.00,70.40,5.20,3.40,12.90,10.80,14.70,18.30,10.10,13.30,5.80,5.50,52442.00,73769.00,21641.00,59.70,40.30,37268.00,40282.00,21.60,29.50,19.60,18.50,31185.00,56.10,63.70,18.10,5.90
11433,12.70,7.70,11.30,7.90,14.60,15.50,13.90,10.30,4.30,1.80,74.10,7.60,36.60,44799.00,58601.00,72.80,10.20,3.50,8.90,9.10,15.00,17.40,16.70,11.40,5.60,2.30,52875.00,65876.00,17236.00,46.20,53.80,38856.00,39135.00,20.80,27.90,16.60,23.70,17023.00,76.70,71.30,14.60,4.30
11434,6.00,4.50,8.70,9.60,13.30,19.00,14.90,16.30,5.30,2.40,80.70,3.60,19.60,58178.00,70272.00,70.10,3.80,2.30,6.20,8.80,13.40,19.30,17.60,19.70,6.10,2.80,68162.00,78336.00,23690.00,44.30,55.70,42377.00,42964.00,13.40,18.40,11.50,13.40,33693.00,73.40,82.00,12.40,4.50
11435,6.60,5.20,11.00,9.60,15.10,21.20,10.10,14.30,5.00,2.00,84.20,3.90,15.20,52939.00,65791.00,68.20,3.90,4.10,10.40,9.80,15.00,20.70,10.90,16.60,6.40,2.20,58127.00,71822.00,23353.00,55.50,44.50,40929.00,41395.00,17.90,24.50,16.50,13.50,30527.00,67.70,70.30,22.90,5.80
11436,4.60,3.10,7.30,8.80,14.50,20.00,15.80,16.70,6.50,2.60,84.00,4.90,18.60,61544.00,74994.00,79.40,3.60,1.40,5.90,8.70,14.40,20.80,18.50,16.60,7.40,2.80,65789.00,79160.00,23204.00,51.80,48.20,42006.00,39643.00,13.20,19.30,12.20,6.70,9800.00,75.20,74.10,14.80,4.30
11451,,,,,,,,,,,,,,,,,,,,,,,,,,,,,,,,,,,,,,0.00,,,,
11691,17.60,8.30,13.20,7.70,10.70,14.90,10.50,9.80,3.90,3.20,72.60,6.00,39.10,39986.00,56999.00,66.90,10.40,5.50,11.60,8.40,13.20,18.50,11.80,11.30,5.30,3.90,50895.00,66682.00,19097.00,49.40,50.60,40950.00,38531.00,25.20,33.10,20.20,30.60,26759.00,55.10,67.40,14.70,3.50
11692,10.40,8.20,12.10,13.60,14.60,15.90,10.00,9.80,3.00,2.40,78.00,7.80,31.00,40298.00,58042.00,70.90,8.90,8.80,11.60,10.70,17.30,15.60,9.30,11.30,3.60,2.90,42824.00,60729.00,21118.00,51.00,49.00,47167.00,37198.00,22.60,34.70,18.80,8.50,7431.00,54.70,64.20,12.20,2.70
11693,14.40,2.20,9.40,9.00,13.60,19.80,9.70,16.20,2.90,2.70,73.00,7.00,20.40,51116.00,62443.00,61.60,14.00,1.40,9.00,7.60,13.00,21.00,9.20,18.60,2.90,3.20,56027.00,66745.00,25732.00,50.40,49.60,56731.00,47319.00,20.50,35.90,16.20,14.30,5141.00,54.40,48.90,12.60,4.80
11694,4.80,5.90,7.20,8.20,8.70,14.80,16.20,17.30,8.90,8.00,76.90,0.70,9.00,75615.00,95102.00,62.00,1.60,1.50,5.60,7.10,5.70,14.10,18.40,21.70,13.40,10.90,90987.00,114787.00,37351.00,54.30,45.70,68737.00,52292.00,6.60,2.20,8.10,7.60,9572.00,65.10,56.50,9.70,4.80
11697,1.10,2.90,9.40,6.90,10.80,14.50,14.30,18.90,11.60,9.50,65.80,0.00,2.60,82230.00,100398.00,67.40,1.70,0.70,3.40,6.40,7.00,9.80,18.60,24.20,16.30,11.90,104321.00,116878.00,39540.00,56.50,43.50,88889.00,68833.00,3.00,2.40,3.50,2.60,1627.00,59.30,60.30,3.70,3.00
13290,,,,,,,,,,,,,,,,,,,,,,,,,,,,,,,,,,,,,,0.00,,,,